[
  {
    "id": "3312",
    "candidate_id": "918",
    "testeeName": "Batsanani Ndlovu",
    "testName": "VERBAL REASONING",
    "attempts": "41 of 50",
    "score": 25,
    "percentile": "14",
    "sten": "3",
    "date_taken": "Aug 27th, 2021"
  },
  {
    "id": "3313",
    "candidate_id": "918",
    "testeeName": "Batsanani Ndlovu",
    "testName": "NUMERICAL REASONING",
    "attempts": "15 of 30",
    "score": 12,
    "percentile": "23",
    "sten": "4",
    "date_taken": "Aug 27th, 2021"
  },
  {
    "id": "3314",
    "candidate_id": "918",
    "testeeName": "Batsanani Ndlovu",
    "testName": "NON-VERBAL REASONING",
    "attempts": "25 of 25",
    "score": 14,
    "percentile": "58",
    "sten": "6",
    "date_taken": "Aug 27th, 2021"
  },
  {
    "id": "3315",
    "candidate_id": "919",
    "testeeName": "Biggie Ngorima",
    "testName": "VERBAL REASONING",
    "attempts": "49 of 50",
    "score": 36,
    "percentile": "86",
    "sten": "8",
    "date_taken": "Aug 27th, 2021"
  },
  {
    "id": "3316",
    "candidate_id": "919",
    "testeeName": "Biggie Ngorima",
    "testName": "NUMERICAL REASONING",
    "attempts": "0 of 30",
    "score": 0,
    "percentile": 0,
    "sten": 0,
    "date_taken": "Aug 27th, 2021"
  },
  {
    "id": "3317",
    "candidate_id": "919",
    "testeeName": "Biggie Ngorima",
    "testName": "NON-VERBAL REASONING TEST",
    "attempts": "25 of 25",
    "score": 7,
    "percentile": "27",
    "sten": "3",
    "date_taken": "Aug 27th, 2021"
  },
  {
    "id": "3318",
    "candidate_id": "920",
    "testeeName": "Elia Nyahotai",
    "testName": "VERBAL REASONING VEREA 1.O",
    "attempts": "50 of 50",
    "score": 23,
    "percentile": "8",
    "sten": "2",
    "date_taken": "Aug 27th, 2021"
  },
  {
    "id": "3319",
    "candidate_id": "920",
    "testeeName": "Elia Nyahotai",
    "testName": "NUMERICAL REASONING TEST   NUREA 1.0",
    "attempts": "26 of 30",
    "score": 14,
    "percentile": "41",
    "sten": "5",
    "date_taken": "Aug 27th, 2021"
  },
  {
    "id": "3320",
    "candidate_id": "920",
    "testeeName": "Elia Nyahotai",
    "testName": "NON-VERBAL REASONING TEST",
    "attempts": "25 of 25",
    "score": 13,
    "percentile": "56",
    "sten": "6",
    "date_taken": "Aug 27th, 2021"
  },
  {
    "id": "3321",
    "candidate_id": "921",
    "testeeName": "Joshua Rwanga",
    "testName": "VERBAL REASONING VEREA 1.O",
    "attempts": "48 of 50",
    "score": 18,
    "percentile": "1",
    "sten": "1",
    "date_taken": "Aug 27th, 2021"
  },
  {
    "id": "3322",
    "candidate_id": "921",
    "testeeName": "Joshua Rwanga",
    "testName": "NUMERICAL REASONING TEST   NUREA 1.0",
    "attempts": "19 of 30",
    "score": 7,
    "percentile": "1",
    "sten": "1",
    "date_taken": "Aug 27th, 2021"
  },
  {
    "id": "3323",
    "candidate_id": "921",
    "testeeName": "Joshua Rwanga",
    "testName": "NON-VERBAL REASONING TEST",
    "attempts": "25 of 25",
    "score": 7,
    "percentile": "27",
    "sten": "3",
    "date_taken": "Aug 27th, 2021"
  },
  {
    "id": "3324",
    "candidate_id": "922",
    "testeeName": "Nqinekile Sebele",
    "testName": "VERBAL REASONING VEREA 1.O",
    "attempts": "48 of 50",
    "score": 26,
    "percentile": "18",
    "sten": "4",
    "date_taken": "Aug 27th, 2021"
  },
  {
    "id": "3325",
    "candidate_id": "922",
    "testeeName": "Nqinekile Sebele",
    "testName": "NUMERICAL REASONING TEST   NUREA 1.0",
    "attempts": "18 of 30",
    "score": 16,
    "percentile": "62",
    "sten": "6",
    "date_taken": "Aug 27th, 2021"
  },
  {
    "id": "3326",
    "candidate_id": "922",
    "testeeName": "Nqinekile Sebele",
    "testName": "NON-VERBAL REASONING TEST",
    "attempts": "22 of 25",
    "score": 12,
    "percentile": "54",
    "sten": "5",
    "date_taken": "Aug 27th, 2021"
  },
  {
    "id": "3327",
    "candidate_id": "923",
    "testeeName": "Nobert Siniwa",
    "testName": "VERBAL REASONING VEREA 1.O",
    "attempts": "47 of 50",
    "score": 28,
    "percentile": "29",
    "sten": "4",
    "date_taken": "Aug 27th, 2021"
  },
  {
    "id": "3328",
    "candidate_id": "923",
    "testeeName": "Nobert Siniwa",
    "testName": "NUMERICAL REASONING TEST   NUREA 1.0",
    "attempts": "15 of 30",
    "score": 6,
    "percentile": "1",
    "sten": "1",
    "date_taken": "Aug 27th, 2021"
  },
  {
    "id": "3329",
    "candidate_id": "923",
    "testeeName": "Nobert Siniwa",
    "testName": "NON-VERBAL REASONING TEST",
    "attempts": "15 of 25",
    "score": 7,
    "percentile": "27",
    "sten": "3",
    "date_taken": "Aug 27th, 2021"
  },
  {
    "id": "3330",
    "candidate_id": "924",
    "testeeName": "Piason Tauyanago",
    "testName": "VERBAL REASONING VEREA 1.O",
    "attempts": "50 of 50",
    "score": 32,
    "percentile": "56",
    "sten": "6",
    "date_taken": "Aug 27th, 2021"
  },
  {
    "id": "3331",
    "candidate_id": "924",
    "testeeName": "Piason Tauyanago",
    "testName": "NUMERICAL REASONING TEST   NUREA 1.0",
    "attempts": "27 of 30",
    "score": 18,
    "percentile": "80",
    "sten": "7",
    "date_taken": "Aug 27th, 2021"
  },
  {
    "id": "3332",
    "candidate_id": "924",
    "testeeName": "Piason Tauyanago",
    "testName": "NON-VERBAL REASONING TEST",
    "attempts": "19 of 25",
    "score": 12,
    "percentile": "54",
    "sten": "5",
    "date_taken": "Aug 27th, 2021"
  },
  {
    "id": "3333",
    "candidate_id": "925",
    "testeeName": "Lydia Tawodzera",
    "testName": "VERBAL REASONING VEREA 1.O",
    "attempts": "50 of 50",
    "score": 17,
    "percentile": "1",
    "sten": "1",
    "date_taken": "Aug 27th, 2021"
  },
  {
    "id": "3334",
    "candidate_id": "925",
    "testeeName": "Lydia Tawodzera",
    "testName": "NUMERICAL REASONING TEST   NUREA 1.0",
    "attempts": "23 of 30",
    "score": 10,
    "percentile": "8",
    "sten": "3",
    "date_taken": "Aug 27th, 2021"
  },
  {
    "id": "3335",
    "candidate_id": "925",
    "testeeName": "Lydia Tawodzera",
    "testName": "NON-VERBAL REASONING TEST",
    "attempts": "23 of 25",
    "score": 16,
    "percentile": "66",
    "sten": "7",
    "date_taken": "Aug 27th, 2021"
  },
  {
    "id": "3336",
    "candidate_id": "926",
    "testeeName": "Josephine Uta",
    "testName": "VERBAL REASONING VEREA 1.O",
    "attempts": "50 of 50",
    "score": 30,
    "percentile": "41",
    "sten": "5",
    "date_taken": "Aug 27th, 2021"
  },
  {
    "id": "3337",
    "candidate_id": "926",
    "testeeName": "Josephine Uta",
    "testName": "NUMERICAL REASONING TEST   NUREA 1.0",
    "attempts": "29 of 30",
    "score": 13,
    "percentile": "31",
    "sten": "4",
    "date_taken": "Aug 27th, 2021"
  },
  {
    "id": "3338",
    "candidate_id": "926",
    "testeeName": "Josephine Uta",
    "testName": "NON-VERBAL REASONING TEST",
    "attempts": "25 of 25",
    "score": 16,
    "percentile": "66",
    "sten": "7",
    "date_taken": "Aug 27th, 2021"
  },
  {
    "id": "3339",
    "candidate_id": "927",
    "testeeName": "Xolisile Zililo",
    "testName": "VERBAL REASONING VEREA 1.O",
    "attempts": "43 of 50",
    "score": 23,
    "percentile": "8",
    "sten": "2",
    "date_taken": "Aug 27th, 2021"
  },
  {
    "id": "3340",
    "candidate_id": "927",
    "testeeName": "Xolisile Zililo",
    "testName": "NUMERICAL REASONING TEST   NUREA 1.0",
    "attempts": "19 of 30",
    "score": 10,
    "percentile": "8",
    "sten": "3",
    "date_taken": "Aug 27th, 2021"
  },
  {
    "id": "3341",
    "candidate_id": "927",
    "testeeName": "Xolisile Zililo",
    "testName": "NON-VERBAL REASONING TEST",
    "attempts": "25 of 25",
    "score": 6,
    "percentile": "18",
    "sten": "3",
    "date_taken": "Aug 27th, 2021"
  },
  {
    "id": "3342",
    "candidate_id": "928",
    "testeeName": "Takaidzwa Zinyemba",
    "testName": "VERBAL REASONING VEREA 1.O",
    "attempts": "49 of 50",
    "score": 17,
    "percentile": "1",
    "sten": "1",
    "date_taken": "Aug 27th, 2021"
  },
  {
    "id": "3343",
    "candidate_id": "928",
    "testeeName": "Takaidzwa Zinyemba",
    "testName": "NUMERICAL REASONING TEST   NUREA 1.0",
    "attempts": "22 of 30",
    "score": 10,
    "percentile": "8",
    "sten": "3",
    "date_taken": "Aug 27th, 2021"
  },
  {
    "id": "3344",
    "candidate_id": "928",
    "testeeName": "Takaidzwa Zinyemba",
    "testName": "NON-VERBAL REASONING TEST",
    "attempts": "25 of 25",
    "score": 2,
    "percentile": "4",
    "sten": "1",
    "date_taken": "Aug 27th, 2021"
  },
  {
    "id": "3348",
    "candidate_id": "930",
    "testeeName": "Simbarashe Chinyongo",
    "testName": "VERBAL REASONING VEREA 1.O",
    "attempts": "50 of 50",
    "score": 29,
    "percentile": "35",
    "sten": "5",
    "date_taken": "Aug 27th, 2021"
  },
  {
    "id": "3349",
    "candidate_id": "930",
    "testeeName": "Simbarashe Chinyongo",
    "testName": "NUMERICAL REASONING TEST   NUREA 1.0",
    "attempts": "27 of 30",
    "score": 18,
    "percentile": "80",
    "sten": "7",
    "date_taken": "Aug 27th, 2021"
  },
  {
    "id": "3350",
    "candidate_id": "930",
    "testeeName": "Simbarashe Chinyongo",
    "testName": "NON-VERBAL REASONING TEST",
    "attempts": "25 of 25",
    "score": 15,
    "percentile": "66",
    "sten": "7",
    "date_taken": "Aug 27th, 2021"
  },
  {
    "id": "3351",
    "candidate_id": "931",
    "testeeName": "Washington Dube",
    "testName": "VERBAL REASONING VEREA 1.O",
    "attempts": "50 of 50",
    "score": 31,
    "percentile": "48",
    "sten": "6",
    "date_taken": "Aug 27th, 2021"
  },
  {
    "id": "3352",
    "candidate_id": "931",
    "testeeName": "Washington Dube",
    "testName": "NUMERICAL REASONING TEST   NUREA 1.0",
    "attempts": "29 of 30",
    "score": 16,
    "percentile": "62",
    "sten": "6",
    "date_taken": "Aug 27th, 2021"
  },
  {
    "id": "3353",
    "candidate_id": "931",
    "testeeName": "Washington Dube",
    "testName": "NON-VERBAL REASONING TEST",
    "attempts": "25 of 25",
    "score": 16,
    "percentile": "66",
    "sten": "7",
    "date_taken": "Aug 27th, 2021"
  },
  {
    "id": "3354",
    "candidate_id": "932",
    "testeeName": "Vongai Dzingai",
    "testName": "VERBAL REASONING VEREA 1.O",
    "attempts": "49 of 50",
    "score": 30,
    "percentile": "41",
    "sten": "5",
    "date_taken": "Aug 27th, 2021"
  },
  {
    "id": "3355",
    "candidate_id": "932",
    "testeeName": "Vongai Dzingai",
    "testName": "NUMERICAL REASONING TEST   NUREA 1.0",
    "attempts": "18 of 30",
    "score": 15,
    "percentile": "51",
    "sten": "6",
    "date_taken": "Aug 27th, 2021"
  },
  {
    "id": "3356",
    "candidate_id": "932",
    "testeeName": "Vongai Dzingai",
    "testName": "NON-VERBAL REASONING TEST",
    "attempts": "25 of 25",
    "score": 17,
    "percentile": "73",
    "sten": "7",
    "date_taken": "Aug 27th, 2021"
  },
  {
    "id": "3360",
    "candidate_id": "934",
    "testeeName": "Ndakaziva Makoka",
    "testName": "VERBAL REASONING VEREA 1.O",
    "attempts": "50 of 50",
    "score": 32,
    "percentile": "56",
    "sten": "6",
    "date_taken": "Aug 27th, 2021"
  },
  {
    "id": "3361",
    "candidate_id": "934",
    "testeeName": "Ndakaziva Makoka",
    "testName": "NUMERICAL REASONING TEST   NUREA 1.0",
    "attempts": "30 of 30",
    "score": 10,
    "percentile": "8",
    "sten": "3",
    "date_taken": "Aug 27th, 2021"
  },
  {
    "id": "3362",
    "candidate_id": "934",
    "testeeName": "Ndakaziva Makoka",
    "testName": "NON-VERBAL REASONING TEST",
    "attempts": "25 of 25",
    "score": 15,
    "percentile": "66",
    "sten": "7",
    "date_taken": "Aug 27th, 2021"
  },
  {
    "id": "3369",
    "candidate_id": "937",
    "testeeName": "Ezekiel Ngungu",
    "testName": "VERBAL REASONING VEREA 1.O",
    "attempts": "48 of 50",
    "score": 32,
    "percentile": "56",
    "sten": "6",
    "date_taken": "Aug 27th, 2021"
  },
  {
    "id": "3370",
    "candidate_id": "937",
    "testeeName": "Ezekiel Ngungu",
    "testName": "NUMERICAL REASONING TEST   NUREA 1.0",
    "attempts": "21 of 30",
    "score": 15,
    "percentile": "51",
    "sten": "6",
    "date_taken": "Aug 27th, 2021"
  },
  {
    "id": "3371",
    "candidate_id": "937",
    "testeeName": "Ezekiel Ngungu",
    "testName": "NON-VERBAL REASONING TEST",
    "attempts": "24 of 25",
    "score": 16,
    "percentile": "66",
    "sten": "7",
    "date_taken": "Aug 27th, 2021"
  },
  {
    "id": "3372",
    "candidate_id": "938",
    "testeeName": "Kudzai Panganai",
    "testName": "VERBAL REASONING VEREA 1.O",
    "attempts": "50 of 50",
    "score": 18,
    "percentile": "1",
    "sten": "1",
    "date_taken": "Aug 27th, 2021"
  },
  {
    "id": "3373",
    "candidate_id": "938",
    "testeeName": "Kudzai Panganai",
    "testName": "NUMERICAL REASONING TEST   NUREA 1.0",
    "attempts": "26 of 30",
    "score": 10,
    "percentile": "8",
    "sten": "3",
    "date_taken": "Aug 27th, 2021"
  },
  {
    "id": "3374",
    "candidate_id": "938",
    "testeeName": "Kudzai Panganai",
    "testName": "NON-VERBAL REASONING TEST",
    "attempts": "24 of 25",
    "score": 14,
    "percentile": "58",
    "sten": "6",
    "date_taken": "Aug 27th, 2021"
  },
  {
    "id": "3375",
    "candidate_id": "939",
    "testeeName": "Cliffmore Chigumira",
    "testName": "VERBAL REASONING VEREA 1.O",
    "attempts": "50 of 50",
    "score": 30,
    "percentile": "41",
    "sten": "5",
    "date_taken": "Aug 27th, 2021"
  },
  {
    "id": "3376",
    "candidate_id": "939",
    "testeeName": "Cliffmore Chigumira",
    "testName": "NUMERICAL REASONING TEST   NUREA 1.0",
    "attempts": "28 of 30",
    "score": 19,
    "percentile": "85",
    "sten": "8",
    "date_taken": "Aug 27th, 2021"
  },
  {
    "id": "3377",
    "candidate_id": "939",
    "testeeName": "Cliffmore Chigumira",
    "testName": "NON-VERBAL REASONING TEST",
    "attempts": "27 of 25",
    "score": 14,
    "percentile": "58",
    "sten": "6",
    "date_taken": "Aug 27th, 2021"
  },
  {
    "id": "3379",
    "candidate_id": "902",
    "testeeName": "Takudzwanashe Rebanewako",
    "testName": "NUMERICAL REASONING TEST   NUREA 1.0",
    "attempts": "10 of 30",
    "score": 9,
    "percentile": "4",
    "sten": "2",
    "date_taken": "Aug 27th, 2021"
  },
  {
    "id": "3380",
    "candidate_id": "902",
    "testeeName": "Takudzwanashe Rebanewako",
    "testName": "NON-VERBAL REASONING TEST",
    "attempts": "25 of 25",
    "score": 18,
    "percentile": "79",
    "sten": "8",
    "date_taken": "Aug 27th, 2021"
  },
  {
    "id": "3381",
    "candidate_id": "940",
    "testeeName": "Chido  Gatsi ",
    "testName": "VERBAL REASONING VEREA 1.O",
    "attempts": "50 of 50",
    "score": 31,
    "percentile": "48",
    "sten": "6",
    "date_taken": "Aug 27th, 2021"
  },
  {
    "id": "3382",
    "candidate_id": "940",
    "testeeName": "Chido  Gatsi ",
    "testName": "NUMERICAL REASONING TEST   NUREA 1.0",
    "attempts": "15 of 30",
    "score": 12,
    "percentile": "23",
    "sten": "4",
    "date_taken": "Aug 27th, 2021"
  },
  {
    "id": "3383",
    "candidate_id": "940",
    "testeeName": "Chido  Gatsi ",
    "testName": "NON-VERBAL REASONING TEST",
    "attempts": "25 of 25",
    "score": 3,
    "percentile": "7",
    "sten": "2",
    "date_taken": "Aug 27th, 2021"
  },
  {
    "id": "3384",
    "candidate_id": "940",
    "testeeName": "Chido  Gatsi ",
    "testName": "BASIC CHECKING",
    "attempts": "40 of 40",
    "score": 39,
    "percentile": "100",
    "sten": "9",
    "date_taken": "Aug 27th, 2021"
  },
  {
    "id": "3385",
    "candidate_id": "940",
    "testeeName": "Chido  Gatsi ",
    "testName": "CLERICAL CHECKING",
    "attempts": "23 of 30",
    "score": 19,
    "percentile": "37",
    "sten": "5",
    "date_taken": "Aug 27th, 2021"
  },
  {
    "id": "3386",
    "candidate_id": "941",
    "testeeName": "Elsabe  Nel",
    "testName": "VERBAL REASONING VEREA 1.O",
    "attempts": "50 of 50",
    "score": 37,
    "percentile": "92",
    "sten": "8",
    "date_taken": "Aug 27th, 2021"
  },
  {
    "id": "3387",
    "candidate_id": "941",
    "testeeName": "Elsabe  Nel",
    "testName": "NUMERICAL REASONING TEST   NUREA 1.0",
    "attempts": "25 of 30",
    "score": 16,
    "percentile": "62",
    "sten": "6",
    "date_taken": "Aug 27th, 2021"
  },
  {
    "id": "3388",
    "candidate_id": "941",
    "testeeName": "Elsabe  Nel",
    "testName": "NON-VERBAL REASONING TEST",
    "attempts": "25 of 25",
    "score": 14,
    "percentile": "58",
    "sten": "6",
    "date_taken": "Aug 27th, 2021"
  },
  {
    "id": "3389",
    "candidate_id": "941",
    "testeeName": "Elsabe  Nel",
    "testName": "BASIC CHECKING",
    "attempts": "40 of 40",
    "score": 34,
    "percentile": "28",
    "sten": "5",
    "date_taken": "Aug 27th, 2021"
  },
  {
    "id": "3390",
    "candidate_id": "941",
    "testeeName": "Elsabe  Nel",
    "testName": "CLERICAL CHECKING",
    "attempts": "28 of 30",
    "score": 20,
    "percentile": "44",
    "sten": "5",
    "date_taken": "Aug 27th, 2021"
  },
  {
    "id": "3396",
    "candidate_id": "944",
    "testeeName": "Memory  Nyakarenga ",
    "testName": "VERBAL REASONING VEREA 1.O",
    "attempts": "50 of 50",
    "score": 31,
    "percentile": "48",
    "sten": "6",
    "date_taken": "Aug 27th, 2021"
  },
  {
    "id": "3397",
    "candidate_id": "944",
    "testeeName": "Memory  Nyakarenga ",
    "testName": "NUMERICAL REASONING TEST   NUREA 1.0",
    "attempts": "22 of 30",
    "score": 9,
    "percentile": "4",
    "sten": "2",
    "date_taken": "Aug 27th, 2021"
  },
  {
    "id": "3398",
    "candidate_id": "944",
    "testeeName": "Memory  Nyakarenga ",
    "testName": "NON-VERBAL REASONING TEST",
    "attempts": "25 of 25",
    "score": 16,
    "percentile": "66",
    "sten": "7",
    "date_taken": "Aug 27th, 2021"
  },
  {
    "id": "3399",
    "candidate_id": "944",
    "testeeName": "Memory  Nyakarenga ",
    "testName": "BASIC CHECKING",
    "attempts": "35 of 40",
    "score": 31,
    "percentile": "10",
    "sten": "3",
    "date_taken": "Aug 27th, 2021"
  },
  {
    "id": "3400",
    "candidate_id": "944",
    "testeeName": "Memory  Nyakarenga ",
    "testName": "CLERICAL CHECKING",
    "attempts": "24 of 30",
    "score": 19,
    "percentile": "37",
    "sten": "5",
    "date_taken": "Aug 27th, 2021"
  },
  {
    "id": "3401",
    "candidate_id": "907",
    "testeeName": "Gerald Mangwaya",
    "testName": "NUMERICAL REASONING TEST   NUREA 1.0",
    "attempts": "16 of 30",
    "score": 11,
    "percentile": "14",
    "sten": "3",
    "date_taken": "Aug 27th, 2021"
  },
  {
    "id": "3402",
    "candidate_id": "907",
    "testeeName": "Gerald Mangwaya",
    "testName": "NON-VERBAL REASONING TEST",
    "attempts": "16 of 25",
    "score": 13,
    "percentile": "56",
    "sten": "6",
    "date_taken": "Aug 27th, 2021"
  },
  {
    "id": "3403",
    "candidate_id": "943",
    "testeeName": "Tafadzwa  Matongo",
    "testName": "VERBAL REASONING VEREA 1.O",
    "attempts": "50 of 50",
    "score": 27,
    "percentile": "23",
    "sten": "4",
    "date_taken": "Aug 27th, 2021"
  },
  {
    "id": "3404",
    "candidate_id": "943",
    "testeeName": "Tafadzwa  Matongo",
    "testName": "NUMERICAL REASONING TEST   NUREA 1.0",
    "attempts": "0 of 30",
    "score": 0,
    "percentile": 0,
    "sten": 0,
    "date_taken": "Aug 27th, 2021"
  },
  {
    "id": "3405",
    "candidate_id": "943",
    "testeeName": "Tafadzwa  Matongo",
    "testName": "NON-VERBAL REASONING TEST",
    "attempts": "24 of 25",
    "score": 14,
    "percentile": "58",
    "sten": "6",
    "date_taken": "Aug 27th, 2021"
  },
  {
    "id": "3406",
    "candidate_id": "943",
    "testeeName": "Tafadzwa  Matongo",
    "testName": "BASIC CHECKING",
    "attempts": "40 of 40",
    "score": 35,
    "percentile": "43",
    "sten": "6",
    "date_taken": "Aug 27th, 2021"
  },
  {
    "id": "3407",
    "candidate_id": "943",
    "testeeName": "Tafadzwa  Matongo",
    "testName": "CLERICAL CHECKING",
    "attempts": "21 of 30",
    "score": 19,
    "percentile": "37",
    "sten": "5",
    "date_taken": "Aug 27th, 2021"
  },
  {
    "id": "3408",
    "candidate_id": "946",
    "testeeName": "Winnie  Zindi ",
    "testName": "VERBAL REASONING VEREA 1.O",
    "attempts": "50 of 50",
    "score": 34,
    "percentile": "71",
    "sten": "7",
    "date_taken": "Aug 27th, 2021"
  },
  {
    "id": "3409",
    "candidate_id": "946",
    "testeeName": "Winnie  Zindi ",
    "testName": "NUMERICAL REASONING TEST   NUREA 1.0",
    "attempts": "25 of 30",
    "score": 15,
    "percentile": "51",
    "sten": "6",
    "date_taken": "Aug 27th, 2021"
  },
  {
    "id": "3410",
    "candidate_id": "946",
    "testeeName": "Winnie  Zindi ",
    "testName": "NON-VERBAL REASONING TEST",
    "attempts": "25 of 25",
    "score": 6,
    "percentile": "18",
    "sten": "3",
    "date_taken": "Aug 27th, 2021"
  },
  {
    "id": "3411",
    "candidate_id": "946",
    "testeeName": "Winnie  Zindi ",
    "testName": "BASIC CHECKING",
    "attempts": "40 of 40",
    "score": 35,
    "percentile": "43",
    "sten": "6",
    "date_taken": "Aug 27th, 2021"
  },
  {
    "id": "3412",
    "candidate_id": "946",
    "testeeName": "Winnie  Zindi ",
    "testName": "CLERICAL CHECKING",
    "attempts": "16 of 30",
    "score": 14,
    "percentile": "7",
    "sten": "3",
    "date_taken": "Aug 27th, 2021"
  },
  {
    "id": "3413",
    "candidate_id": "948",
    "testeeName": "Elizabeth Matsauke ",
    "testName": "VERBAL REASONING VEREA 1.O",
    "attempts": "49 of 50",
    "score": 36,
    "percentile": "86",
    "sten": "8",
    "date_taken": "Aug 27th, 2021"
  },
  {
    "id": "3414",
    "candidate_id": "948",
    "testeeName": "Elizabeth Matsauke ",
    "testName": "NUMERICAL REASONING TEST   NUREA 1.0",
    "attempts": "21 of 30",
    "score": 15,
    "percentile": "51",
    "sten": "6",
    "date_taken": "Aug 27th, 2021"
  },
  {
    "id": "3415",
    "candidate_id": "948",
    "testeeName": "Elizabeth Matsauke ",
    "testName": "NON-VERBAL REASONING TEST",
    "attempts": "26 of 25",
    "score": 1,
    "percentile": "1",
    "sten": "1",
    "date_taken": "Aug 27th, 2021"
  },
  {
    "id": "3416",
    "candidate_id": "948",
    "testeeName": "Elizabeth Matsauke ",
    "testName": "BASIC CHECKING",
    "attempts": "40 of 40",
    "score": 35,
    "percentile": "43",
    "sten": "6",
    "date_taken": "Aug 27th, 2021"
  },
  {
    "id": "3417",
    "candidate_id": "948",
    "testeeName": "Elizabeth Matsauke ",
    "testName": "CLERICAL CHECKING",
    "attempts": "24 of 30",
    "score": 13,
    "percentile": "5",
    "sten": "2",
    "date_taken": "Aug 27th, 2021"
  },
  {
    "id": "3423",
    "candidate_id": "950",
    "testeeName": "Gilbert  Masilo",
    "testName": "VERBAL REASONING VEREA 1.O",
    "attempts": "50 of 50",
    "score": 29,
    "percentile": "35",
    "sten": "5",
    "date_taken": "Aug 27th, 2021"
  },
  {
    "id": "3424",
    "candidate_id": "950",
    "testeeName": "Gilbert  Masilo",
    "testName": "NUMERICAL REASONING TEST   NUREA 1.0",
    "attempts": "18 of 30",
    "score": 10,
    "percentile": "8",
    "sten": "3",
    "date_taken": "Aug 27th, 2021"
  },
  {
    "id": "3425",
    "candidate_id": "950",
    "testeeName": "Gilbert  Masilo",
    "testName": "NON-VERBAL REASONING TEST",
    "attempts": "25 of 25",
    "score": 16,
    "percentile": "66",
    "sten": "7",
    "date_taken": "Aug 27th, 2021"
  },
  {
    "id": "3426",
    "candidate_id": "950",
    "testeeName": "Gilbert  Masilo",
    "testName": "BASIC CHECKING",
    "attempts": "40 of 40",
    "score": 38,
    "percentile": "98",
    "sten": "8",
    "date_taken": "Aug 27th, 2021"
  },
  {
    "id": "3427",
    "candidate_id": "950",
    "testeeName": "Gilbert  Masilo",
    "testName": "CLERICAL CHECKING",
    "attempts": "24 of 30",
    "score": 20,
    "percentile": "44",
    "sten": "5",
    "date_taken": "Aug 27th, 2021"
  },
  {
    "id": "3428",
    "candidate_id": "951",
    "testeeName": "Mellisa  Chinguwa ",
    "testName": "VERBAL REASONING VEREA 1.O",
    "attempts": "50 of 50",
    "score": 30,
    "percentile": "41",
    "sten": "5",
    "date_taken": "Aug 27th, 2021"
  },
  {
    "id": "3429",
    "candidate_id": "951",
    "testeeName": "Mellisa  Chinguwa ",
    "testName": "NUMERICAL REASONING TEST   NUREA 1.0",
    "attempts": "25 of 30",
    "score": 20,
    "percentile": "92",
    "sten": "8",
    "date_taken": "Aug 27th, 2021"
  },
  {
    "id": "3430",
    "candidate_id": "951",
    "testeeName": "Mellisa  Chinguwa ",
    "testName": "NON-VERBAL REASONING TEST",
    "attempts": "25 of 25",
    "score": 20,
    "percentile": "92",
    "sten": "9",
    "date_taken": "Aug 27th, 2021"
  },
  {
    "id": "3431",
    "candidate_id": "951",
    "testeeName": "Mellisa  Chinguwa ",
    "testName": "BASIC CHECKING",
    "attempts": "40 of 40",
    "score": 38,
    "percentile": "98",
    "sten": "8",
    "date_taken": "Aug 27th, 2021"
  },
  {
    "id": "3432",
    "candidate_id": "951",
    "testeeName": "Mellisa  Chinguwa ",
    "testName": "CLERICAL CHECKING",
    "attempts": "28 of 30",
    "score": 25,
    "percentile": "84",
    "sten": "7",
    "date_taken": "Aug 27th, 2021"
  },
  {
    "id": "3433",
    "candidate_id": "952",
    "testeeName": "Norma Donga ",
    "testName": "VERBAL REASONING VEREA 1.O",
    "attempts": "48 of 50",
    "score": 26,
    "percentile": "18",
    "sten": "4",
    "date_taken": "Aug 27th, 2021"
  },
  {
    "id": "3434",
    "candidate_id": "952",
    "testeeName": "Norma Donga ",
    "testName": "NUMERICAL REASONING TEST   NUREA 1.0",
    "attempts": "11 of 30",
    "score": 8,
    "percentile": "2",
    "sten": "2",
    "date_taken": "Aug 27th, 2021"
  },
  {
    "id": "3435",
    "candidate_id": "952",
    "testeeName": "Norma Donga ",
    "testName": "NON-VERBAL REASONING TEST",
    "attempts": "25 of 25",
    "score": 5,
    "percentile": "14",
    "sten": "3",
    "date_taken": "Aug 27th, 2021"
  },
  {
    "id": "3436",
    "candidate_id": "952",
    "testeeName": "Norma Donga ",
    "testName": "BASIC CHECKING",
    "attempts": "40 of 40",
    "score": 39,
    "percentile": "100",
    "sten": "9",
    "date_taken": "Aug 27th, 2021"
  },
  {
    "id": "3437",
    "candidate_id": "952",
    "testeeName": "Norma Donga ",
    "testName": "CLERICAL CHECKING",
    "attempts": "18 of 30",
    "score": 14,
    "percentile": "7",
    "sten": "3",
    "date_taken": "Aug 27th, 2021"
  },
  {
    "id": "3438",
    "candidate_id": "953",
    "testeeName": "Nyaradzai Gorondondo ",
    "testName": "VERBAL REASONING VEREA 1.O",
    "attempts": "51 of 50",
    "score": 31,
    "percentile": "48",
    "sten": "6",
    "date_taken": "Aug 27th, 2021"
  },
  {
    "id": "3439",
    "candidate_id": "953",
    "testeeName": "Nyaradzai Gorondondo ",
    "testName": "NUMERICAL REASONING TEST   NUREA 1.0",
    "attempts": "0 of 30",
    "score": 0,
    "percentile": 0,
    "sten": 0,
    "date_taken": "Aug 27th, 2021"
  },
  {
    "id": "3440",
    "candidate_id": "953",
    "testeeName": "Nyaradzai Gorondondo ",
    "testName": "NON-VERBAL REASONING TEST",
    "attempts": "25 of 25",
    "score": 1,
    "percentile": "1",
    "sten": "1",
    "date_taken": "Aug 27th, 2021"
  },
  {
    "id": "3441",
    "candidate_id": "953",
    "testeeName": "Nyaradzai Gorondondo ",
    "testName": "BASIC CHECKING",
    "attempts": "39 of 40",
    "score": 36,
    "percentile": "64",
    "sten": "6",
    "date_taken": "Aug 27th, 2021"
  },
  {
    "id": "3442",
    "candidate_id": "953",
    "testeeName": "Nyaradzai Gorondondo ",
    "testName": "CLERICAL CHECKING",
    "attempts": "17 of 30",
    "score": 15,
    "percentile": "11",
    "sten": "3",
    "date_taken": "Aug 27th, 2021"
  },
  {
    "id": "3443",
    "candidate_id": "954",
    "testeeName": "Polite  Mashoko ",
    "testName": "VERBAL REASONING VEREA 1.O",
    "attempts": "49 of 50",
    "score": 22,
    "percentile": "6",
    "sten": "2",
    "date_taken": "Aug 27th, 2021"
  },
  {
    "id": "3444",
    "candidate_id": "954",
    "testeeName": "Polite  Mashoko ",
    "testName": "NUMERICAL REASONING TEST   NUREA 1.0",
    "attempts": "20 of 30",
    "score": 12,
    "percentile": "23",
    "sten": "4",
    "date_taken": "Aug 27th, 2021"
  },
  {
    "id": "3445",
    "candidate_id": "954",
    "testeeName": "Polite  Mashoko ",
    "testName": "NON-VERBAL REASONING TEST",
    "attempts": "25 of 25",
    "score": 3,
    "percentile": "7",
    "sten": "2",
    "date_taken": "Aug 27th, 2021"
  },
  {
    "id": "3446",
    "candidate_id": "954",
    "testeeName": "Polite  Mashoko ",
    "testName": "BASIC CHECKING",
    "attempts": "40 of 40",
    "score": 36,
    "percentile": "64",
    "sten": "6",
    "date_taken": "Aug 27th, 2021"
  },
  {
    "id": "3447",
    "candidate_id": "954",
    "testeeName": "Polite  Mashoko ",
    "testName": "CLERICAL CHECKING",
    "attempts": "30 of 30",
    "score": 22,
    "percentile": "61",
    "sten": "6",
    "date_taken": "Aug 27th, 2021"
  },
  {
    "id": "3448",
    "candidate_id": "955",
    "testeeName": "STACY  MUFEMA ",
    "testName": "VERBAL REASONING VEREA 1.O",
    "attempts": "50 of 50",
    "score": 29,
    "percentile": "35",
    "sten": "5",
    "date_taken": "Aug 27th, 2021"
  },
  {
    "id": "3449",
    "candidate_id": "955",
    "testeeName": "STACY  MUFEMA ",
    "testName": "NUMERICAL REASONING TEST   NUREA 1.0",
    "attempts": "30 of 30",
    "score": 19,
    "percentile": "85",
    "sten": "8",
    "date_taken": "Aug 27th, 2021"
  },
  {
    "id": "3450",
    "candidate_id": "955",
    "testeeName": "STACY  MUFEMA ",
    "testName": "NON-VERBAL REASONING TEST",
    "attempts": "25 of 25",
    "score": 20,
    "percentile": "92",
    "sten": "9",
    "date_taken": "Aug 27th, 2021"
  },
  {
    "id": "3451",
    "candidate_id": "955",
    "testeeName": "STACY  MUFEMA ",
    "testName": "BASIC CHECKING",
    "attempts": "40 of 40",
    "score": 35,
    "percentile": "43",
    "sten": "6",
    "date_taken": "Aug 27th, 2021"
  },
  {
    "id": "3452",
    "candidate_id": "955",
    "testeeName": "STACY  MUFEMA ",
    "testName": "CLERICAL CHECKING",
    "attempts": "28 of 30",
    "score": 22,
    "percentile": "61",
    "sten": "6",
    "date_taken": "Aug 27th, 2021"
  },
  {
    "id": "3453",
    "candidate_id": "962",
    "testeeName": "Memory Shayamano",
    "testName": "VERBAL REASONING VEREA 1.O",
    "attempts": "50 of 50",
    "score": 32,
    "percentile": "56",
    "sten": "6",
    "date_taken": "Aug 27th, 2021"
  },
  {
    "id": "3454",
    "candidate_id": "962",
    "testeeName": "Memory Shayamano",
    "testName": "NUMERICAL REASONING TEST   NUREA 1.0",
    "attempts": "19 of 30",
    "score": 12,
    "percentile": "23",
    "sten": "4",
    "date_taken": "Aug 27th, 2021"
  },
  {
    "id": "3455",
    "candidate_id": "962",
    "testeeName": "Memory Shayamano",
    "testName": "NON-VERBAL REASONING TEST",
    "attempts": "25 of 25",
    "score": 16,
    "percentile": "66",
    "sten": "7",
    "date_taken": "Aug 27th, 2021"
  },
  {
    "id": "3456",
    "candidate_id": "956",
    "testeeName": "Tanyaradzwa  Nyamupaguma",
    "testName": "VERBAL REASONING VEREA 1.O",
    "attempts": "49 of 50",
    "score": 30,
    "percentile": "41",
    "sten": "5",
    "date_taken": "Aug 27th, 2021"
  },
  {
    "id": "3457",
    "candidate_id": "956",
    "testeeName": "Tanyaradzwa  Nyamupaguma",
    "testName": "NUMERICAL REASONING TEST   NUREA 1.0",
    "attempts": "19 of 30",
    "score": 14,
    "percentile": "41",
    "sten": "5",
    "date_taken": "Aug 27th, 2021"
  },
  {
    "id": "3458",
    "candidate_id": "956",
    "testeeName": "Tanyaradzwa  Nyamupaguma",
    "testName": "NON-VERBAL REASONING TEST",
    "attempts": "24 of 25",
    "score": 15,
    "percentile": "66",
    "sten": "7",
    "date_taken": "Aug 27th, 2021"
  },
  {
    "id": "3459",
    "candidate_id": "956",
    "testeeName": "Tanyaradzwa  Nyamupaguma",
    "testName": "BASIC CHECKING",
    "attempts": "40 of 40",
    "score": 36,
    "percentile": "64",
    "sten": "6",
    "date_taken": "Aug 27th, 2021"
  },
  {
    "id": "3460",
    "candidate_id": "956",
    "testeeName": "Tanyaradzwa  Nyamupaguma",
    "testName": "CLERICAL CHECKING",
    "attempts": "28 of 30",
    "score": 21,
    "percentile": "52",
    "sten": "6",
    "date_taken": "Aug 27th, 2021"
  },
  {
    "id": "3461",
    "candidate_id": "957",
    "testeeName": "TENDAISHE  TSIGA ",
    "testName": "VERBAL REASONING VEREA 1.O",
    "attempts": "47 of 50",
    "score": 32,
    "percentile": "56",
    "sten": "6",
    "date_taken": "Aug 27th, 2021"
  },
  {
    "id": "3462",
    "candidate_id": "957",
    "testeeName": "TENDAISHE  TSIGA ",
    "testName": "NUMERICAL REASONING TEST   NUREA 1.0",
    "attempts": "21 of 30",
    "score": 16,
    "percentile": "62",
    "sten": "6",
    "date_taken": "Aug 27th, 2021"
  },
  {
    "id": "3463",
    "candidate_id": "957",
    "testeeName": "TENDAISHE  TSIGA ",
    "testName": "NON-VERBAL REASONING TEST",
    "attempts": "25 of 25",
    "score": 17,
    "percentile": "73",
    "sten": "7",
    "date_taken": "Aug 27th, 2021"
  },
  {
    "id": "3464",
    "candidate_id": "957",
    "testeeName": "TENDAISHE  TSIGA ",
    "testName": "BASIC CHECKING",
    "attempts": "40 of 40",
    "score": 39,
    "percentile": "100",
    "sten": "9",
    "date_taken": "Aug 27th, 2021"
  },
  {
    "id": "3465",
    "candidate_id": "957",
    "testeeName": "TENDAISHE  TSIGA ",
    "testName": "CLERICAL CHECKING",
    "attempts": "25 of 30",
    "score": 21,
    "percentile": "52",
    "sten": "6",
    "date_taken": "Aug 27th, 2021"
  },
  {
    "id": "3466",
    "candidate_id": "958",
    "testeeName": "LOT MUDADI",
    "testName": "VERBAL REASONING VEREA 1.O",
    "attempts": "50 of 50",
    "score": 32,
    "percentile": "56",
    "sten": "6",
    "date_taken": "Aug 27th, 2021"
  },
  {
    "id": "3467",
    "candidate_id": "958",
    "testeeName": "LOT MUDADI",
    "testName": "NUMERICAL REASONING TEST   NUREA 1.0",
    "attempts": "0 of 30",
    "score": 0,
    "percentile": 0,
    "sten": 0,
    "date_taken": "Aug 27th, 2021"
  },
  {
    "id": "3468",
    "candidate_id": "958",
    "testeeName": "LOT MUDADI",
    "testName": "NON-VERBAL REASONING TEST",
    "attempts": "25 of 25",
    "score": 14,
    "percentile": "58",
    "sten": "6",
    "date_taken": "Aug 27th, 2021"
  },
  {
    "id": "3469",
    "candidate_id": "958",
    "testeeName": "LOT MUDADI",
    "testName": "BASIC CHECKING",
    "attempts": "40 of 40",
    "score": 37,
    "percentile": "86",
    "sten": "7",
    "date_taken": "Aug 27th, 2021"
  },
  {
    "id": "3470",
    "candidate_id": "958",
    "testeeName": "LOT MUDADI",
    "testName": "CLERICAL CHECKING",
    "attempts": "24 of 30",
    "score": 21,
    "percentile": "52",
    "sten": "6",
    "date_taken": "Aug 27th, 2021"
  },
  {
    "id": "3471",
    "candidate_id": "959",
    "testeeName": "VIMBAI  CHAWAWA",
    "testName": "VERBAL REASONING VEREA 1.O",
    "attempts": "50 of 50",
    "score": 25,
    "percentile": "14",
    "sten": "3",
    "date_taken": "Aug 27th, 2021"
  },
  {
    "id": "3472",
    "candidate_id": "959",
    "testeeName": "VIMBAI  CHAWAWA",
    "testName": "NUMERICAL REASONING TEST   NUREA 1.0",
    "attempts": "23 of 30",
    "score": 11,
    "percentile": "14",
    "sten": "3",
    "date_taken": "Aug 27th, 2021"
  },
  {
    "id": "3473",
    "candidate_id": "959",
    "testeeName": "VIMBAI  CHAWAWA",
    "testName": "NON-VERBAL REASONING TEST",
    "attempts": "25 of 25",
    "score": 14,
    "percentile": "58",
    "sten": "6",
    "date_taken": "Aug 27th, 2021"
  },
  {
    "id": "3474",
    "candidate_id": "959",
    "testeeName": "VIMBAI  CHAWAWA",
    "testName": "BASIC CHECKING",
    "attempts": "40 of 40",
    "score": 39,
    "percentile": "100",
    "sten": "9",
    "date_taken": "Aug 27th, 2021"
  },
  {
    "id": "3475",
    "candidate_id": "959",
    "testeeName": "VIMBAI  CHAWAWA",
    "testName": "CLERICAL CHECKING",
    "attempts": "27 of 30",
    "score": 23,
    "percentile": "71",
    "sten": "6",
    "date_taken": "Aug 27th, 2021"
  },
  {
    "id": "3476",
    "candidate_id": "960",
    "testeeName": "WESTON TAMBAMA",
    "testName": "VERBAL REASONING VEREA 1.O",
    "attempts": "50 of 50",
    "score": 36,
    "percentile": "86",
    "sten": "8",
    "date_taken": "Aug 27th, 2021"
  },
  {
    "id": "3477",
    "candidate_id": "960",
    "testeeName": "WESTON TAMBAMA",
    "testName": "NUMERICAL REASONING TEST   NUREA 1.0",
    "attempts": "17 of 30",
    "score": 10,
    "percentile": "8",
    "sten": "3",
    "date_taken": "Aug 27th, 2021"
  },
  {
    "id": "3478",
    "candidate_id": "960",
    "testeeName": "WESTON TAMBAMA",
    "testName": "NON-VERBAL REASONING TEST",
    "attempts": "23 of 25",
    "score": 16,
    "percentile": "66",
    "sten": "7",
    "date_taken": "Aug 27th, 2021"
  },
  {
    "id": "3479",
    "candidate_id": "960",
    "testeeName": "WESTON TAMBAMA",
    "testName": "BASIC CHECKING",
    "attempts": "40 of 40",
    "score": 39,
    "percentile": "100",
    "sten": "9",
    "date_taken": "Aug 27th, 2021"
  },
  {
    "id": "3480",
    "candidate_id": "960",
    "testeeName": "WESTON TAMBAMA",
    "testName": "CLERICAL CHECKING",
    "attempts": "14 of 30",
    "score": 13,
    "percentile": "5",
    "sten": "2",
    "date_taken": "Aug 27th, 2021"
  },
  {
    "id": "3486",
    "candidate_id": "943",
    "testeeName": "Tafadzwa  Matongo",
    "testName": "NUMERICAL REASONING TEST   NUREA 1.0",
    "attempts": "12 of 30",
    "score": 8,
    "percentile": "2",
    "sten": "2",
    "date_taken": "Aug 27th, 2021"
  },
  {
    "id": "3487",
    "candidate_id": "958",
    "testeeName": "LOT MUDADI",
    "testName": "NUMERICAL REASONING TEST   NUREA 1.0",
    "attempts": "26 of 30",
    "score": 17,
    "percentile": "71",
    "sten": "7",
    "date_taken": "Aug 27th, 2021"
  },
  {
    "id": "3491",
    "candidate_id": "964",
    "testeeName": "TONGESAI  CHIKOWA",
    "testName": "VERBAL REASONING VEREA 1.O",
    "attempts": "50 of 50",
    "score": 30,
    "percentile": "41",
    "sten": "5",
    "date_taken": "Aug 27th, 2021"
  },
  {
    "id": "3492",
    "candidate_id": "964",
    "testeeName": "TONGESAI  CHIKOWA",
    "testName": "NUMERICAL REASONING TEST   NUREA 1.0",
    "attempts": "0 of 30",
    "score": 0,
    "percentile": 0,
    "sten": 0,
    "date_taken": "Aug 27th, 2021"
  },
  {
    "id": "3493",
    "candidate_id": "964",
    "testeeName": "TONGESAI  CHIKOWA",
    "testName": "NON-VERBAL REASONING TEST",
    "attempts": "0 of 25",
    "score": 0,
    "percentile": 0,
    "sten": 0,
    "date_taken": "Aug 27th, 2021"
  },
  {
    "id": "3494",
    "candidate_id": "965",
    "testeeName": "DAVID  MATAGA",
    "testName": "VERBAL REASONING VEREA 1.O",
    "attempts": "49 of 50",
    "score": 28,
    "percentile": "29",
    "sten": "4",
    "date_taken": "Aug 27th, 2021"
  },
  {
    "id": "3495",
    "candidate_id": "965",
    "testeeName": "DAVID  MATAGA",
    "testName": "NUMERICAL REASONING TEST   NUREA 1.0",
    "attempts": "20 of 30",
    "score": 13,
    "percentile": "31",
    "sten": "4",
    "date_taken": "Aug 27th, 2021"
  },
  {
    "id": "3496",
    "candidate_id": "965",
    "testeeName": "DAVID  MATAGA",
    "testName": "NON-VERBAL REASONING TEST",
    "attempts": "25 of 25",
    "score": 17,
    "percentile": "73",
    "sten": "7",
    "date_taken": "Aug 27th, 2021"
  },
  {
    "id": "3500",
    "candidate_id": "967",
    "testeeName": "CAMERON HOLLAND  PHIRI",
    "testName": "VERBAL REASONING VEREA 1.O",
    "attempts": "30 of 50",
    "score": 16,
    "percentile": "1",
    "sten": "1",
    "date_taken": "Aug 27th, 2021"
  },
  {
    "id": "3501",
    "candidate_id": "967",
    "testeeName": "CAMERON HOLLAND  PHIRI",
    "testName": "NUMERICAL REASONING TEST   NUREA 1.0",
    "attempts": "21 of 30",
    "score": 9,
    "percentile": "4",
    "sten": "2",
    "date_taken": "Aug 27th, 2021"
  },
  {
    "id": "3502",
    "candidate_id": "967",
    "testeeName": "CAMERON HOLLAND  PHIRI",
    "testName": "NON-VERBAL REASONING TEST",
    "attempts": "25 of 25",
    "score": 1,
    "percentile": "1",
    "sten": "1",
    "date_taken": "Aug 27th, 2021"
  },
  {
    "id": "3503",
    "candidate_id": "919",
    "testeeName": "Biggie Ngorima",
    "testName": "NUMERICAL REASONING TEST   NUREA 1.0",
    "attempts": "30 of 30",
    "score": 12,
    "percentile": "23",
    "sten": "4",
    "date_taken": "Aug 27th, 2021"
  },
  {
    "id": "3507",
    "candidate_id": "969",
    "testeeName": "Nyadzisai Kambambe",
    "testName": "VERBAL REASONING VEREA 1.O",
    "attempts": "50 of 50",
    "score": 35,
    "percentile": "80",
    "sten": "7",
    "date_taken": "Aug 27th, 2021"
  },
  {
    "id": "3508",
    "candidate_id": "969",
    "testeeName": "Nyadzisai Kambambe",
    "testName": "NUMERICAL REASONING TEST   NUREA 1.0",
    "attempts": "30 of 30",
    "score": 22,
    "percentile": "98",
    "sten": "10",
    "date_taken": "Aug 27th, 2021"
  },
  {
    "id": "3509",
    "candidate_id": "969",
    "testeeName": "Nyadzisai Kambambe",
    "testName": "NON-VERBAL REASONING TEST",
    "attempts": "25 of 25",
    "score": 14,
    "percentile": "58",
    "sten": "6",
    "date_taken": "Aug 27th, 2021"
  },
  {
    "id": "3510",
    "candidate_id": "947",
    "testeeName": "Aleck  Chimsimbi",
    "testName": "VERBAL REASONING VEREA 1.O",
    "attempts": "49 of 50",
    "score": 27,
    "percentile": "23",
    "sten": "4",
    "date_taken": "Aug 27th, 2021"
  },
  {
    "id": "3511",
    "candidate_id": "947",
    "testeeName": "Aleck  Chimsimbi",
    "testName": "NUMERICAL REASONING TEST   NUREA 1.0",
    "attempts": "0 of 30",
    "score": 0,
    "percentile": 0,
    "sten": 0,
    "date_taken": "Aug 27th, 2021"
  },
  {
    "id": "3512",
    "candidate_id": "947",
    "testeeName": "Aleck  Chimsimbi",
    "testName": "NON-VERBAL REASONING TEST",
    "attempts": "25 of 25",
    "score": 17,
    "percentile": "73",
    "sten": "7",
    "date_taken": "Aug 27th, 2021"
  },
  {
    "id": "3513",
    "candidate_id": "947",
    "testeeName": "Aleck  Chimsimbi",
    "testName": "BASIC CHECKING",
    "attempts": "40 of 40",
    "score": 38,
    "percentile": "98",
    "sten": "8",
    "date_taken": "Aug 27th, 2021"
  },
  {
    "id": "3514",
    "candidate_id": "947",
    "testeeName": "Aleck  Chimsimbi",
    "testName": "CLERICAL CHECKING",
    "attempts": "14 of 30",
    "score": 14,
    "percentile": "7",
    "sten": "3",
    "date_taken": "Aug 27th, 2021"
  },
  {
    "id": "3515",
    "candidate_id": "827",
    "testeeName": "Innocent Phiri",
    "testName": "NUMERICAL REASONING TEST   NUREA 1.0",
    "attempts": "18 of 30",
    "score": 12,
    "percentile": "23",
    "sten": "4",
    "date_taken": "Aug 27th, 2021"
  },
  {
    "id": "3516",
    "candidate_id": "970",
    "testeeName": "Vee  Chibanda",
    "testName": "VERBAL REASONING VEREA 1.O",
    "attempts": "50 of 50",
    "score": 38,
    "percentile": "95",
    "sten": "8",
    "date_taken": "Aug 27th, 2021"
  },
  {
    "id": "3517",
    "candidate_id": "970",
    "testeeName": "Vee  Chibanda",
    "testName": "NUMERICAL REASONING TEST   NUREA 1.0",
    "attempts": "28 of 30",
    "score": 19,
    "percentile": "85",
    "sten": "8",
    "date_taken": "Aug 27th, 2021"
  },
  {
    "id": "3518",
    "candidate_id": "970",
    "testeeName": "Vee  Chibanda",
    "testName": "NON-VERBAL REASONING TEST",
    "attempts": "25 of 25",
    "score": 15,
    "percentile": "66",
    "sten": "7",
    "date_taken": "Aug 27th, 2021"
  },
  {
    "id": "3519",
    "candidate_id": "947",
    "testeeName": "Aleck  Chimsimbi",
    "testName": "NON-VERBAL REASONING TEST",
    "attempts": "24 of 25",
    "score": 3,
    "percentile": "7",
    "sten": "2",
    "date_taken": "Aug 27th, 2021"
  },
  {
    "id": "3520",
    "candidate_id": "947",
    "testeeName": "Aleck  Chimsimbi",
    "testName": "NUMERICAL REASONING TEST   NUREA 1.0",
    "attempts": "25 of 30",
    "score": 11,
    "percentile": "14",
    "sten": "3",
    "date_taken": "Aug 27th, 2021"
  },
  {
    "id": "3524",
    "candidate_id": "972",
    "testeeName": "Emmanuel Madzimure ",
    "testName": "VERBAL REASONING VEREA 1.O",
    "attempts": "0 of 50",
    "score": 0,
    "percentile": 0,
    "sten": 0,
    "date_taken": "Aug 27th, 2021"
  },
  {
    "id": "3525",
    "candidate_id": "972",
    "testeeName": "Emmanuel Madzimure ",
    "testName": "NUMERICAL REASONING TEST   NUREA 1.0",
    "attempts": "29 of 30",
    "score": 10,
    "percentile": "8",
    "sten": "3",
    "date_taken": "Aug 27th, 2021"
  },
  {
    "id": "3526",
    "candidate_id": "972",
    "testeeName": "Emmanuel Madzimure ",
    "testName": "NON-VERBAL REASONING TEST",
    "attempts": "0 of 25",
    "score": 0,
    "percentile": 0,
    "sten": 0,
    "date_taken": "Aug 27th, 2021"
  },
  {
    "id": "3532",
    "candidate_id": "976",
    "testeeName": "Tendai Clara  Makomva",
    "testName": "VERBAL REASONING VEREA 1.O",
    "attempts": "50 of 50",
    "score": 36,
    "percentile": "86",
    "sten": "8",
    "date_taken": "Aug 27th, 2021"
  },
  {
    "id": "3533",
    "candidate_id": "976",
    "testeeName": "Tendai Clara  Makomva",
    "testName": "NUMERICAL REASONING TEST   NUREA 1.0",
    "attempts": "15 of 30",
    "score": 10,
    "percentile": "8",
    "sten": "3",
    "date_taken": "Aug 27th, 2021"
  },
  {
    "id": "3534",
    "candidate_id": "976",
    "testeeName": "Tendai Clara  Makomva",
    "testName": "NON-VERBAL REASONING TEST",
    "attempts": "25 of 25",
    "score": 1,
    "percentile": "1",
    "sten": "1",
    "date_taken": "Aug 27th, 2021"
  },
  {
    "id": "3535",
    "candidate_id": "975",
    "testeeName": "Dennis  Mambure",
    "testName": "VERBAL REASONING VEREA 1.O",
    "attempts": "49 of 50",
    "score": 35,
    "percentile": "80",
    "sten": "7",
    "date_taken": "Aug 27th, 2021"
  },
  {
    "id": "3536",
    "candidate_id": "975",
    "testeeName": "Dennis  Mambure",
    "testName": "NUMERICAL REASONING TEST   NUREA 1.0",
    "attempts": "15 of 30",
    "score": 12,
    "percentile": "23",
    "sten": "4",
    "date_taken": "Aug 27th, 2021"
  },
  {
    "id": "3537",
    "candidate_id": "975",
    "testeeName": "Dennis  Mambure",
    "testName": "NON-VERBAL REASONING TEST",
    "attempts": "20 of 25",
    "score": 9,
    "percentile": "34",
    "sten": "4",
    "date_taken": "Aug 27th, 2021"
  },
  {
    "id": "3541",
    "candidate_id": "964",
    "testeeName": "TONGESAI  CHIKOWA",
    "testName": "NUMERICAL REASONING TEST   NUREA 1.0",
    "attempts": "0 of 30",
    "score": 0,
    "percentile": 0,
    "sten": 0,
    "date_taken": "Aug 27th, 2021"
  },
  {
    "id": "3542",
    "candidate_id": "964",
    "testeeName": "TONGESAI  CHIKOWA",
    "testName": "NON-VERBAL REASONING TEST",
    "attempts": "25 of 25",
    "score": 16,
    "percentile": "66",
    "sten": "7",
    "date_taken": "Aug 27th, 2021"
  },
  {
    "id": "2801",
    "candidate_id": "780",
    "testeeName": "Simbarashe Gunzalu",
    "testName": "VERBAL REASONING VEREA 1.O",
    "attempts": "49 of 50",
    "score": 30,
    "percentile": "41",
    "sten": "5",
    "date_taken": "Aug 26th, 2021"
  },
  {
    "id": "2802",
    "candidate_id": "780",
    "testeeName": "Simbarashe Gunzalu",
    "testName": "NUMERICAL REASONING TEST   NUREA 1.0",
    "attempts": "25 of 30",
    "score": 19,
    "percentile": "85",
    "sten": "8",
    "date_taken": "Aug 26th, 2021"
  },
  {
    "id": "2803",
    "candidate_id": "780",
    "testeeName": "Simbarashe Gunzalu",
    "testName": "NON-VERBAL REASONING TEST",
    "attempts": "25 of 25",
    "score": 17,
    "percentile": "73",
    "sten": "7",
    "date_taken": "Aug 26th, 2021"
  },
  {
    "id": "3089",
    "candidate_id": "860",
    "testeeName": "TAGARIKA   DINGA",
    "testName": "VERBAL REASONING VEREA 1.O",
    "attempts": "0 of 50",
    "score": 0,
    "percentile": 0,
    "sten": 0,
    "date_taken": "Aug 26th, 2021"
  },
  {
    "id": "3090",
    "candidate_id": "860",
    "testeeName": "TAGARIKA   DINGA",
    "testName": "NUMERICAL REASONING TEST   NUREA 1.0",
    "attempts": "7 of 30",
    "score": 5,
    "percentile": "1",
    "sten": "1",
    "date_taken": "Aug 26th, 2021"
  },
  {
    "id": "3091",
    "candidate_id": "860",
    "testeeName": "TAGARIKA   DINGA",
    "testName": "NON-VERBAL REASONING TEST",
    "attempts": "0 of 25",
    "score": 0,
    "percentile": 0,
    "sten": 0,
    "date_taken": "Aug 26th, 2021"
  },
  {
    "id": "3107",
    "candidate_id": "855",
    "testeeName": "LAURENT   MAUBRE",
    "testName": "VERBAL REASONING VEREA 1.O",
    "attempts": "50 of 50",
    "score": 30,
    "percentile": "41",
    "sten": "5",
    "date_taken": "Aug 26th, 2021"
  },
  {
    "id": "3108",
    "candidate_id": "855",
    "testeeName": "LAURENT   MAUBRE",
    "testName": "NUMERICAL REASONING TEST   NUREA 1.0",
    "attempts": "30 of 30",
    "score": 22,
    "percentile": "98",
    "sten": "10",
    "date_taken": "Aug 26th, 2021"
  },
  {
    "id": "3109",
    "candidate_id": "855",
    "testeeName": "LAURENT   MAUBRE",
    "testName": "NON-VERBAL REASONING TEST",
    "attempts": "25 of 25",
    "score": 16,
    "percentile": "66",
    "sten": "7",
    "date_taken": "Aug 26th, 2021"
  },
  {
    "id": "3149",
    "candidate_id": "875",
    "testeeName": "Timothy Manatsire",
    "testName": "VERBAL REASONING VEREA 1.O",
    "attempts": "50 of 50",
    "score": 30,
    "percentile": "41",
    "sten": "5",
    "date_taken": "Aug 26th, 2021"
  },
  {
    "id": "3150",
    "candidate_id": "875",
    "testeeName": "Timothy Manatsire",
    "testName": "NUMERICAL REASONING TEST   NUREA 1.0",
    "attempts": "23 of 30",
    "score": 12,
    "percentile": "23",
    "sten": "4",
    "date_taken": "Aug 26th, 2021"
  },
  {
    "id": "3151",
    "candidate_id": "875",
    "testeeName": "Timothy Manatsire",
    "testName": "NON-VERBAL REASONING TEST",
    "attempts": "25 of 25",
    "score": 9,
    "percentile": "34",
    "sten": "4",
    "date_taken": "Aug 26th, 2021"
  },
  {
    "id": "3211",
    "candidate_id": "141",
    "testeeName": "Chris  Rufu",
    "testName": "VERBAL REASONING VEREA 1.O",
    "attempts": "50 of 50",
    "score": 33,
    "percentile": "63",
    "sten": "6",
    "date_taken": "Aug 26th, 2021"
  },
  {
    "id": "3212",
    "candidate_id": "141",
    "testeeName": "Chris  Rufu",
    "testName": "NUMERICAL REASONING TEST   NUREA 1.0",
    "attempts": "30 of 30",
    "score": 17,
    "percentile": "71",
    "sten": "7",
    "date_taken": "Aug 26th, 2021"
  },
  {
    "id": "3213",
    "candidate_id": "141",
    "testeeName": "Chris  Rufu",
    "testName": "NON-VERBAL REASONING TEST",
    "attempts": "25 of 25",
    "score": 6,
    "percentile": "18",
    "sten": "3",
    "date_taken": "Aug 26th, 2021"
  },
  {
    "id": "3217",
    "candidate_id": "890",
    "testeeName": "Kennedy  Madziniwa",
    "testName": "VERBAL REASONING VEREA 1.O",
    "attempts": "49 of 50",
    "score": 25,
    "percentile": "14",
    "sten": "3",
    "date_taken": "Aug 26th, 2021"
  },
  {
    "id": "3218",
    "candidate_id": "890",
    "testeeName": "Kennedy  Madziniwa",
    "testName": "NUMERICAL REASONING TEST   NUREA 1.0",
    "attempts": "14 of 30",
    "score": 12,
    "percentile": "23",
    "sten": "4",
    "date_taken": "Aug 26th, 2021"
  },
  {
    "id": "3219",
    "candidate_id": "890",
    "testeeName": "Kennedy  Madziniwa",
    "testName": "NON-VERBAL REASONING TEST",
    "attempts": "24 of 25",
    "score": 13,
    "percentile": "56",
    "sten": "6",
    "date_taken": "Aug 26th, 2021"
  },
  {
    "id": "3220",
    "candidate_id": "860",
    "testeeName": "TAGARIKA   DINGA",
    "testName": "VERBAL REASONING VEREA 1.O",
    "attempts": "0 of 50",
    "score": 0,
    "percentile": 0,
    "sten": 0,
    "date_taken": "Aug 26th, 2021"
  },
  {
    "id": "3221",
    "candidate_id": "860",
    "testeeName": "TAGARIKA   DINGA",
    "testName": "NUMERICAL REASONING TEST   NUREA 1.0",
    "attempts": "13 of 30",
    "score": 6,
    "percentile": "1",
    "sten": "1",
    "date_taken": "Aug 26th, 2021"
  },
  {
    "id": "3222",
    "candidate_id": "860",
    "testeeName": "TAGARIKA   DINGA",
    "testName": "NON-VERBAL REASONING TEST",
    "attempts": "11 of 25",
    "score": 2,
    "percentile": "4",
    "sten": "1",
    "date_taken": "Aug 26th, 2021"
  },
  {
    "id": "3223",
    "candidate_id": "891",
    "testeeName": "Remember Wilfred  Mubaiwa",
    "testName": "VERBAL REASONING VEREA 1.O",
    "attempts": "50 of 50",
    "score": 32,
    "percentile": "56",
    "sten": "6",
    "date_taken": "Aug 26th, 2021"
  },
  {
    "id": "3224",
    "candidate_id": "891",
    "testeeName": "Remember Wilfred  Mubaiwa",
    "testName": "NUMERICAL REASONING TEST   NUREA 1.0",
    "attempts": "27 of 30",
    "score": 13,
    "percentile": "31",
    "sten": "4",
    "date_taken": "Aug 26th, 2021"
  },
  {
    "id": "3225",
    "candidate_id": "891",
    "testeeName": "Remember Wilfred  Mubaiwa",
    "testName": "NON-VERBAL REASONING TEST",
    "attempts": "25 of 25",
    "score": 13,
    "percentile": "56",
    "sten": "6",
    "date_taken": "Aug 26th, 2021"
  },
  {
    "id": "3226",
    "candidate_id": "892",
    "testeeName": "Sandirai Ramon  Jombe",
    "testName": "VERBAL REASONING VEREA 1.O",
    "attempts": "50 of 50",
    "score": 39,
    "percentile": "97",
    "sten": "9",
    "date_taken": "Aug 26th, 2021"
  },
  {
    "id": "3227",
    "candidate_id": "892",
    "testeeName": "Sandirai Ramon  Jombe",
    "testName": "NUMERICAL REASONING TEST   NUREA 1.0",
    "attempts": "0 of 30",
    "score": 0,
    "percentile": 0,
    "sten": 0,
    "date_taken": "Aug 26th, 2021"
  },
  {
    "id": "3228",
    "candidate_id": "892",
    "testeeName": "Sandirai Ramon  Jombe",
    "testName": "NON-VERBAL REASONING TEST",
    "attempts": "25 of 25",
    "score": 24,
    "percentile": "99",
    "sten": "10",
    "date_taken": "Aug 26th, 2021"
  },
  {
    "id": "3229",
    "candidate_id": "893",
    "testeeName": "Simon  Chimbirimbiri",
    "testName": "VERBAL REASONING VEREA 1.O",
    "attempts": "50 of 50",
    "score": 27,
    "percentile": "23",
    "sten": "4",
    "date_taken": "Aug 26th, 2021"
  },
  {
    "id": "3230",
    "candidate_id": "893",
    "testeeName": "Simon  Chimbirimbiri",
    "testName": "NUMERICAL REASONING TEST   NUREA 1.0",
    "attempts": "27 of 30",
    "score": 18,
    "percentile": "80",
    "sten": "7",
    "date_taken": "Aug 26th, 2021"
  },
  {
    "id": "3231",
    "candidate_id": "893",
    "testeeName": "Simon  Chimbirimbiri",
    "testName": "NON-VERBAL REASONING TEST",
    "attempts": "24 of 25",
    "score": 14,
    "percentile": "58",
    "sten": "6",
    "date_taken": "Aug 26th, 2021"
  },
  {
    "id": "3235",
    "candidate_id": "895",
    "testeeName": "Success  Mhlanga",
    "testName": "VERBAL REASONING VEREA 1.O",
    "attempts": "48 of 50",
    "score": 30,
    "percentile": "41",
    "sten": "5",
    "date_taken": "Aug 26th, 2021"
  },
  {
    "id": "3236",
    "candidate_id": "895",
    "testeeName": "Success  Mhlanga",
    "testName": "NUMERICAL REASONING TEST   NUREA 1.0",
    "attempts": "29 of 30",
    "score": 18,
    "percentile": "80",
    "sten": "7",
    "date_taken": "Aug 26th, 2021"
  },
  {
    "id": "3237",
    "candidate_id": "895",
    "testeeName": "Success  Mhlanga",
    "testName": "NON-VERBAL REASONING TEST",
    "attempts": "25 of 25",
    "score": 15,
    "percentile": "66",
    "sten": "7",
    "date_taken": "Aug 26th, 2021"
  },
  {
    "id": "3238",
    "candidate_id": "896",
    "testeeName": "Tapiwa Anne  Mawoyo ",
    "testName": "VERBAL REASONING VEREA 1.O",
    "attempts": "50 of 50",
    "score": 28,
    "percentile": "29",
    "sten": "4",
    "date_taken": "Aug 26th, 2021"
  },
  {
    "id": "3239",
    "candidate_id": "896",
    "testeeName": "Tapiwa Anne  Mawoyo ",
    "testName": "NUMERICAL REASONING TEST   NUREA 1.0",
    "attempts": "29 of 30",
    "score": 13,
    "percentile": "31",
    "sten": "4",
    "date_taken": "Aug 26th, 2021"
  },
  {
    "id": "3240",
    "candidate_id": "896",
    "testeeName": "Tapiwa Anne  Mawoyo ",
    "testName": "NON-VERBAL REASONING TEST",
    "attempts": "25 of 25",
    "score": 4,
    "percentile": "11",
    "sten": "2",
    "date_taken": "Aug 26th, 2021"
  }
]